Query,GPT-4's response
How do I convert an MP4 file to AVI using FFmpeg?,"ffmpeg -i input.mp4 output.avi

FFmpeg automatically handles format conversion while preserving quality."
How do I convert an AVI file to MP4 using FFmpeg?,ffmpeg -i input.avi output.mp4
How do I convert an MKV file to MOV using FFmpeg?,ffmpeg -i input.mkv output.mov
How do I convert a WMV file to MP4 using Ffmpeg?,"ffmpeg -i input.wmv output.mp4
"
Can FFmpeg transcode an H.264 file to H.265?,"ffmpeg -i input.mp4 -c:v libx265 -crf 28 -preset medium output.mp4

Adjust -crf (constant rate factor) for quality; lower values mean higher quality."
How do I transcode a VP8 video to H.264 using Ffmpeg?,ffmpeg -i input_vp8.webm -c:v libx264 -c:a copy output_h264.mp4
 How can I convert a H.265 (HEVC) file to VP9 using Ffmpeg?,"ffmpeg -i input_hevc.mp4 -c:v libvpx-vp9 -c:a libopus output_vp9.webm
"
How do I transcode a ProRes MOV file to H.264 MP4 using Ffmpeg?,"ffmpeg -i input_prores.mov -c:v libx264 -c:a aac output_h264.mp4
"
How do I convert WebM to MP4 without losing quality?,"ffmpeg -i input.webm -c:v copy -c:a copy output.mp4

The -c:v copy and -c:a copy options avoid re-encoding."
How do I convert MKV to MP4 without re-encoding the video and audio?,"ffmpeg -i input.mkv -c copy output.mp4
"
How can I convert FLV to MP4 while preserving the original quality?,"ffmpeg -i input.flv -c:v copy -c:a copy output.mp4
"
How do I change the container from MOV to MKV without quality loss?,"ffmpeg -i input.mov -c copy output.mkv
"
Can I change the container format from MKV to MP4 without re-encoding the streams?,"ffmpeg -i input.mkv -c copy output.mp4

The -c copy option transfers streams directly without re-encoding."
How do I remux a TS file to MP4 without re-encoding using Ffmpeg?,"ffmpeg -i input.ts -c copy output.mp4
"
How can I convert an MP4 file to MKV format without re-encoding the video and audio?,ffmpeg -i input.mp4 -c copy output.mkv
How do I change a WebM file to MKV container without losing quality?,"ffmpeg -i input.webm -c copy output.mkv
"
How do I convert a video to an HEVC (H.265) format in FFmpeg?,"ffmpeg -i input.mp4 -c:v libx265 -preset medium -crf 28 output.mp4

Choose -preset for encoding speed and -crf for quality control."
How do I convert a video to VP9 format using Ffmpeg?,"ffmpeg -i input.mp4 -c:v libvpx-vp9 -c:a libopus output_vp9.webm
"
How can I encode a video to AV1 using Ffmpeg?,"ffmpeg -i input.mp4 -c:v libaom-av1 -crf 30 -b:v 0 -c:a libopus output_av1.mkv
"
How do I convert a video to H.264 using Ffmpeg?,"ffmpeg -i input.mp4 -c:v libx264 -crf 23 -preset medium -c:a aac output_h264.mp4
"
How do I resize a video using FFmpeg?,"ffmpeg -i input.mp4 -vf scale=1280:720 output.mp4

Replace 1280:720 with the desired resolution."
"ffmpeg -i input.mp4 -vf scale=1920:1080 output_1080p.mp4
","ffmpeg -i input.mp4 -vf scale=1920:1080 output_1080p.mp4
"
How can I reduce the video size to half of the original resolution with Ffmpeg?,"ffmpeg -i input.mp4 -vf scale=iw/2:ih/2 output_halfsize.mp4, iw and ih refer to input width and height.
"
How do I resize a video to a fixed width while keeping the aspect ratio?,"ffmpeg -i input.mp4 -vf scale=640:-1 output_scaled.mp4
, -1 auto-calculates the height to maintain the aspect ratio."
Can I crop a video with FFmpeg?,"ffmpeg -i input.mp4 -vf crop=width:height:x:y output.mp4

Example: crop=640:360:0:0 crops a 640x360 area starting at (0,0)."
How do I crop the center square of a video using Ffmpeg?,"ffmpeg -i input.mp4 -filter:v ""crop='min(in_w, in_h)':'min(in_w, in_h)'"" output_center_crop.mp4
"
How do I crop 50 pixels from each side of a video in Ffmpeg?,"ffmpeg -i input.mp4 -filter:v ""crop=in_w-100:in_h-100:50:50"" output_crop_margins.mp4
"
How can I remove black bars from a video using FFmpeg automatically?,"ffmpeg -i input.mp4 -vf ""cropdetect"" -t 5 -f null -  Run this first to detect the crop values, then apply them manually in a second command like:
ffmpeg -i input.mp4 -filter:v ""crop=detected_w:detected_h:x:y"" output_noblackbars.mp4
"
How can I rotate a video by 90 degrees in FFmpeg?,"ffmpeg -i input.mp4 -vf ""transpose=1"" output.mp4

Use transpose=1 (90° clockwise) or transpose=2 (90° counterclockwise)."
How do I rotate a video 90 degrees counterclockwise with Ffmpeg?,"ffmpeg -i input.mp4 -vf ""transpose=2"" output_rotated_ccw.mp4
"
How can I rotate a video 180 degrees using Ffmpeg?,"ffmpeg -i input.mp4 -vf ""transpose=1,transpose=1"" output_rotated_180.mp4
"
How do I flip a video vertically using Ffmpeg?,"ffmpeg -i input.mp4 -vf ""vflip"" output_vflipped.mp4
"
How do I change the frame rate of a video in FFmpeg?,"ffmpeg -i input.mp4 -r 30 output.mp4

Replace 30 with the desired frame rate."
 How can I convert a video to 24 fps using Ffmpeg?,"ffmpeg -i input.mp4 -r 24 output_24fps.mp4
"
How do I double the frame rate of a video from 30 fps to 60 fps with Ffmpeg?,"ffmpeg -i input.mp4 -filter:v ""fps=60"" output_60fps.mp4
"
How can I slow down a video by lowering its frame rate to 15 fps with Ffmpeg?,"ffmpeg -i input.mp4 -r 15 output_15fps.mp4
"
How do I adjust the aspect ratio of a video in FFmpeg?,"ffmpeg -i input.mp4 -aspect 16:9 output.mp4

This changes the aspect ratio flag without altering pixel dimensions."
How do I change the aspect ratio to 4:3 using FFmpeg without re-encoding?,"ffmpeg -i input.mp4 -aspect 4:3 -c copy output_4_3.mp4
"
How can I force a 1:1 (square) aspect ratio in FFmpeg while scaling the video?,"ffmpeg -i input.mp4 -vf ""scale=640:640,setdar=1:1"" output_square.mp4
"
How do I change the aspect ratio and re-encode a video to fix distorted playback?,"ffmpeg -i input.mp4 -vf ""setdar=16:9"" output_fixed_aspect.mp4
"
How can I add letterboxing to a video with FFmpeg?,"ffmpeg -i input.mp4 -vf ""scale=1280:720:force_original_aspect_ratio=decrease,pad=1280:720:(ow-iw)/2:(oh-ih)/2"" output.mp4"
 How do I add black bars to a 16:9 video to fit a 4:3 frame with Ffmpeg?,"ffmpeg -i input.mp4 -vf ""scale=640:360,pad=640:480:0:60:black"" output_letterboxed_4_3.mp4
"
How can I add pillarboxing to a vertical video to fit 16:9 with Ffmpeg?,"ffmpeg -i input.mp4 -vf ""scale=720:1280,pad=1280:720:280:0:black"" output_pillarboxed.mp4
"
How do I add letterboxing with a white background instead of black using Ffmpeg?,"ffmpeg -i input.mp4 -vf ""pad=1280:720:(ow-iw)/2:(oh-ih)/2:color=white"" output_letterboxed_white.mp4
"
How do I apply deinterlacing to a video using FFmpeg?,ffmpeg -i input.mp4 -vf yadif output.mp4
 How can I deinterlace a video using the bwdif filter in Ffmpeg?,"ffmpeg -i input.mp4 -vf ""bwdif"" output_deinterlaced_bwdif.mp4
"
How do I convert an interlaced video to progressive using Ffmpeg?,"ffmpeg -i input_interlaced.mp4 -vf ""yadif=1"" output_progressive.mp4
"
How do I detect if a video is interlaced with Ffmpeg?,"ffmpeg -filter:v ""idet"" -frames:v 500 -an -f rawvideo -y /dev/null input.mp4
"
Can FFmpeg stabilize shaky video footage?,"Install ffmpeg with vidstab support and use:

ffmpeg -i input.mp4 -vf vidstabdetect=shakiness=10:accuracy=15 transform_vectors.trf
ffmpeg -i input.mp4 -vf vidstabtransform=smoothing=30:input=transform_vectors.trf output.mp4"
How do I perform video stabilization in FFmpeg with default parameters?,"ffmpeg -i input.mp4 -vf vidstabdetect -f null -
ffmpeg -i input.mp4 -vf vidstabtransform -c:v libx264 -preset slow -crf 18 output_stabilized.mp4
"
Can I stabilize video and crop black borders automatically in Ffmpeg?,"ffmpeg -i input.mp4 -vf vidstabdetect=shakiness=5:accuracy=15 -f null -
ffmpeg -i input.mp4 -vf ""vidstabtransform=smoothing=30,unsharp=5:5:0.8:3:3:0.4"" -c:v libx264 -preset slow -crf 18 output_stabilized_sharpened.mp4
"
How can I stabilize a video and zoom in slightly to hide black edges using Ffmpeg?,"ffmpeg -i input.mp4 -vf vidstabdetect=shakiness=5:accuracy=15 -f null -
ffmpeg -i input.mp4 -vf ""vidstabtransform=smoothing=30,scale=iw*1.05:ih*1.05"" -c:v libx264 -preset slow -crf 18 output_stabilized_zoomed.mp4
"
How do I flip a video horizontally using FFmpeg?,ffmpeg -i input.mp4 -vf hflip output.mp4
How do I flip a video vertically using Ffmpeg?,"ffmpeg -i input.mp4 -vf ""vflip"" output_vflip.mp4
"
 How can I mirror a video both horizontally and vertically with Ffmpeg?,"ffmpeg -i input.mp4 -vf ""hflip,vflip"" output_flipped_both.mp4
"
How do I rotate and then flip a video horizontally using Ffmpeg?,"ffmpeg -i input.mp4 -vf ""transpose=1,hflip"" output_rotated_hflip.mp4
"
How can I adjust the bitrate for video encoding in FFmpeg?,"ffmpeg -i input.mp4 -b:v 1M output.mp4

Replace 1M with the desired bitrate."
How do I set a constant bitrate of 500 kbps for video encoding in Ffmpeg?,"ffmpeg -i input.mp4 -b:v 500k output_500kbps.mp4
"
How can I specify a target bitrate and maximum bitrate for video encoding in Ffmpeg?,"ffmpeg -i input.mp4 -b:v 1M -maxrate 1.5M -bufsize 2M output_vbr.mp4
"
How do I use CRF mode instead of bitrate to control quality in Ffmpeg?,"ffmpeg -i input.mp4 -c:v libx264 -crf 23 output_crf.mp4
"
What are the options for controlling video quality in FFmpeg?,"Use CRF for quality control:

ffmpeg -i input.mp4 -c:v libx264 -crf 23 output.mp4"
How do I use CRF to balance quality and file size in Ffmpeg?,"ffmpeg -i input.mp4 -c:v libx264 -crf 20 -preset medium output.mp4
"
How can I do two-pass encoding for better video quality control in Ffmpeg?,"ffmpeg -y -i input.mp4 -c:v libx264 -b:v 3M -pass 1 -f null /dev/null
ffmpeg -i input.mp4 -c:v libx264 -b:v 3M -pass 2 output.mp4
"
What presets are available in FFmpeg’s x264 encoder to affect quality and encoding speed?,"ffmpeg -i input.mp4 -c:v libx264 -preset veryslow output.mp4
"
How do I apply compression presets for faster encoding with FFmpeg?,ffmpeg -i input.mp4 -preset faster output.mp4
What is the fastest encoding preset I can use in FFmpeg for x264?,"ffmpeg -i input.mp4 -c:v libx264 -preset ultrafast output.mp4
"
How do I choose a slower preset for better compression but slower encoding in Ffmpeg?,"ffmpeg -i input.mp4 -c:v libx264 -preset veryslow output.mp4
"
Can I combine presets with CRF to get a good balance of speed and quality?,"ffmpeg -i input.mp4 -c:v libx264 -preset medium -crf 23 output.mp4
"
How do I enable two-pass encoding in FFmpeg for better quality?,"Pass 1:

ffmpeg -y -i input.mp4 -c:v libx264 -b:v 1M -pass 1 -an -f mp4 /dev/null

Pass 2:

ffmpeg -i input.mp4 -c:v libx264 -b:v 1M -pass 2 output.mp4"
How do I do two-pass encoding with a different codec like libx265?,"ffmpeg -y -i input.mp4 -c:v libx265 -b:v 2M -pass 1 -f null /dev/null
ffmpeg -i input.mp4 -c:v libx265 -b:v 2M -pass 2 output.mp4
"
How do I specify log files for two-pass encoding in Ffmpeg?,"ffmpeg -y -i input.mp4 -c:v libx264 -b:v 2M -pass 1 -passlogfile ffmpeg2pass -f null /dev/null
ffmpeg -i input.mp4 -c:v libx264 -b:v 2M -pass 2 -passlogfile ffmpeg2pass output.mp4
"
Can two-pass encoding be used with audio copying in Ffmpeg?,"ffmpeg -y -i input.mp4 -c:v libx264 -b:v 2M -pass 1 -an -f null /dev/null
ffmpeg -i input.mp4 -c:v libx264 -b:v 2M -pass 2 -c:a copy output.mp4
"
Can I use hardware acceleration for encoding with FFmpeg?,"Example for NVIDIA GPUs:

ffmpeg -i input.mp4 -c:v h264_nvenc output.mp4"
How do I use Intel QuickSync hardware acceleration for encoding in Ffmpeg?,ffmpeg -hwaccel qsv -i input.mp4 -c:v h264_qsv output_qsv.mp4
Can FFmpeg encode using AMD’s hardware acceleration (AMF)?,ffmpeg -i input.mp4 -c:v h264_amf output_amf.mp4
How do I check if my FFmpeg build supports NVENC hardware encoding?,"ffmpeg -encoders | grep nvenc
"
How do I add a watermark to a video using FFmpeg?,"ffmpeg -i input.mp4 -i watermark.png -filter_complex ""overlay=10:10"" output.mp4"
How do I add a semi-transparent watermark to a video with Ffmpeg?,"ffmpeg -i input.mp4 -i watermark.png -filter_complex ""overlay=10:10:format=auto,format=yuv420p"" -c:a copy output.mp4
"
How can I place a watermark at the bottom-right corner using Ffmpeg?,"ffmpeg -i input.mp4 -i watermark.png -filter_complex ""overlay=W-w-10:H-h-10"" output.mp4
"
How do I add a text watermark instead of an image with Ffmpeg?,"ffmpeg -i input.mp4 -vf ""drawtext=text='Sample Watermark':x=10:y=H-th-10:fontcolor=white:fontsize=24:alpha=0.5"" output.mp4
"
Can I apply color correction to a video in FFmpeg?,ffmpeg -i input.mp4 -vf eq=brightness=0.1:contrast=1.2:saturation=1.3 output.mp4
How do I adjust the brightness and contrast of a video using Ffmpeg?,"ffmpeg -i input.mp4 -vf ""eq=brightness=0.1:contrast=1.5"" output.mp4
"
Can I change the gamma of a video with Ffmpeg?,"ffmpeg -i input.mp4 -vf ""eq=gamma=0.8"" output.mp4
"
How do I apply color balance or color channel adjustments in Ffmpeg?,"ffmpeg -i input.mp4 -vf ""colorbalance=rs=0.3:gs=0.1:bs=-0.2"" output.mp4
"
How do I adjust the brightness and contrast in FFmpeg?,ffmpeg -i input.mp4 -vf eq=brightness=0.1:contrast=1.2 output.mp4
How can I decrease brightness and increase contrast with Ffmpeg?,"ffmpeg -i input.mp4 -vf ""eq=brightness=-0.1:contrast=2.0"" output.mp4
"
Can I adjust brightness and contrast with separate filters in Ffmpeg?,"ffmpeg -i input.mp4 -vf ""eq=brightness=0.05:contrast=1.2"" output.mp4
"
How do I preview brightness and contrast changes without re-encoding using Ffmpeg?,"ffmpeg -i input.mp4 -vf ""eq=brightness=0.1:contrast=1.5"" -c:v libx264 -preset ultrafast output.mp4
"
How do I add subtitles to a video using FFmpeg?,ffmpeg -i input.mp4 -vf subtitles=subtitle.srt output.mp4
How do I add subtitles as a separate selectable stream (soft subtitles) in Ffmpeg?,"ffmpeg -i input.mp4 -i subtitles.srt -c copy -c:s mov_text output.mp4
"
 Can I change the font or style of hardcoded subtitles in Ffmpeg?,"ffmpeg -i input.mp4 -vf ""subtitles=subtitle_file.ass:force_style='FontName=Arial,FontSize=24'"" output.mp4
"
How do I extract subtitles from a video file with Ffmpeg?,"ffmpeg -i input.mkv -map 0:s:0 subtitles.srt
"
Can I apply a blur effect to a video with FFmpeg?,"ffmpeg -i input.mp4 -vf ""boxblur=10:10"" output.mp4"
How do I apply a Gaussian blur to a video in Ffmpeg?,"ffmpeg -i input.mp4 -vf ""gblur=sigma=10"" output.mp4
"
Can I blur only a part of the video frame with Ffmpeg?,"ffmpeg -i input.mp4 -filter_complex ""[0:v]crop=200:200:100:100,boxblur=10[blurred];[0:v][blurred]overlay=100:100"" output.mp4
"
How can I blur the background but keep the subject sharp using Ffmpeg?,"ffmpeg -i input.mp4 -i mask.mp4 -filter_complex ""[0:v]boxblur=10[blurred];[blurred][1:v]alphamerge[bg];[0:v][bg]overlay"" output.mp4
"
How can I sharpen a video using FFmpeg?,ffmpeg -i input.mp4 -vf unsharp output.mp4
How do I apply a subtle sharpening effect with Ffmpeg?,"ffmpeg -i input.mp4 -vf ""unsharp=3:3:0.5:3:3:0.0"" output.mp4
"
Can I sharpen only the luminance channel of a video using Ffmpeg?,"ffmpeg -i input.mp4 -vf ""unsharp=luma_msize_x=7:luma_msize_y=7:luma_amount=1.5"" output.mp4
"
How do I combine sharpening and denoising filters in Ffmpeg?,"ffmpeg -i input.mp4 -vf ""hqdn3d,unsharp=5:5:1.0:5:5:0.0"" output.mp4
"
How do I add transitions between clips in FFmpeg?,"Combine clips with fades:

ffmpeg -i clip1.mp4 -i clip2.mp4 -filter_complex ""[0:v]fade=out:30:"
How can I create a wipe transition between two videos using Ffmpeg?,"ffmpeg -i clip1.mp4 -i clip2.mp4 -filter_complex \
""[0:v][1:v]xfade=transition=wipeleft:duration=1:offset=4"" \
-c:v libx264 -crf 18 -preset veryfast output.mp4
"
Can I create a slide transition between clips with Ffmpeg?,"ffmpeg -i clip1.mp4 -i clip2.mp4 -filter_complex \
""[0:v][1:v]xfade=transition=slideleft:duration=1:offset=4"" \
-c:v libx264 -crf 18 -preset veryfast output.mp4
"
How do I concatenate two clips with a dissolve transition in Ffmpeg?,"ffmpeg -i clip1.mp4 -i clip2.mp4 -filter_complex \
""[0:v][1:v]xfade=transition=dissolve:duration=1:offset=4"" \
-c:v libx264 -crf 18 -preset veryfast output.mp4
"
How do I apply a LUT to a video in FFmpeg?,ffmpeg -i input.mp4 -vf lut3d=file.cube output.mp4
"Can I apply a 1D LUT (e.g., for gamma correction) using Ffmpeg?","ffmpeg -i input.mp4 -vf ""lut=r='val*1.1':g='val*1.1':b='val*1.1'"" output.mp4"
How do I convert a video’s color space using Ffmpeg?,"ffmpeg -i input.mp4 -vf ""format=yuv420p,colorspace=all=bt601:iall=bt709"" output.mp4
"
How do I preview a LUT effect before applying it permanently with Ffmpeg?,"ffmpeg -i input.mp4 -vf ""lut3d=file.cube"" -t 10 preview.mp4
"
How do I convert an MP3 file to WAV using FFmpeg?,ffmpeg -i input.mp3 output.wav
How do I convert a WAV file to MP3 with Ffmpeg?,"ffmpeg -i input.wav -codec:a libmp3lame -qscale:a 2 output.mp3
"
Can I convert FLAC to WAV using Ffmpeg?,ffmpeg -i input.flac output.wav
How do I convert an audio file to OGG format using Ffmpeg?,"ffmpeg -i input.mp3 -codec:a libvorbis -qscale:a 5 output.ogg
"
Can FFmpeg convert FLAC to AAC?,ffmpeg -i input.flac -c:a aac output.m4a
How do I convert MP3 to AAC with Ffmpeg?,ffmpeg -i input.mp3 -c:a aac -b:a 256k output.aac
Can FFmpeg convert WAV files to AAC format?,"ffmpeg -i input.wav -c:a aac -b:a 128k output.aac
"
How do I convert an audio file to AAC in an MP4 container using Ffmpeg?,"ffmpeg -i input.mp3 -c:a aac -b:a 192k output.mp4
"
How can I extract audio from a video file using FFmpeg?,ffmpeg -i input.mp4 -q:a 0 -map a output.mp3
How do I extract MP3 audio from an MP4 video using Ffmpeg?,ffmpeg -i input.mp4 -vn -acodec mp3 output.mp3
Can I extract audio and convert it to WAV format with Ffmpeg?,"ffmpeg -i input.mov -vn -acodec pcm_s16le output.wav
"
How do I extract audio from a video and save it as an AAC file?,"ffmpeg -i input.mkv -vn -c:a copy output.aac
"
How do I change the codec of an audio file in FFmpeg?,ffmpeg -i input.wav -c:a libmp3lame output.mp3
How do I convert an audio file to MP3 codec using Ffmpeg?,ffmpeg -i input.flac -c:a libmp3lame -b:a 192k output.mp3
Can I convert an audio file to Opus codec with Ffmpeg?,"ffmpeg -i input.wav -c:a libopus -b:a 128k output.opus
"
How do I convert audio to AC3 codec for compatibility with DVDs?,"ffmpeg -i input.mp3 -c:a ac3 -b:a 384k output.ac3
"
How do I adjust the volume of an audio file in FFmpeg?,"ffmpeg -i input.mp3 -filter:a ""volume=1.5"" output.mp3"
How can I reduce the volume of an audio file by half in FFmpeg?,"ffmpeg -i input.wav -af ""volume=0.5"" output.wav
"
 Can I increase volume by 10 dB in Ffmpeg?,"ffmpeg -i input.aac -af ""volume=10dB"" output.aac
"
How do I normalize audio volume using Ffmpeg?,"ffmpeg -i input.mp3 -af ""loudnorm"" output.mp3
"
How do I change the speed of an audio file in FFmpeg?,"ffmpeg -i input.mp3 -filter:a ""atempo=1.5"" output.mp3"
How do I slow down audio to half speed using Ffmpeg?,"ffmpeg -i input.wav -filter:a ""atempo=0.5"" output.wav
"
Can I change audio speed by 1.5x with Ffmpeg?,"ffmpeg -i input.aac -filter:a ""atempo=1.5"" output.aac
"
How do I change the pitch along with speed in Ffmpeg?,"ffmpeg -i input.mp3 -filter:a ""asetrate=44100*1.25,aresample=44100"" output.mp3
"
How do I modify the sample rate of an audio file in FFmpeg?,ffmpeg -i input.wav -ar 44100 output.wav
How do I convert an audio file to 48 kHz sample rate with Ffmpeg?,"ffmpeg -i input.mp3 -ar 48000 output.wav
"
Can I downsample audio to 16 kHz using Ffmpeg?,"ffmpeg -i input.flac -ar 16000 output.flac
"
How do I check the sample rate of an audio file with Ffmpeg?,"ffmpeg -i input.aac
"
Can I change the number of channels in an audio file with FFmpeg?,ffmpeg -i input.wav -ac 2 output.wav
 How do I convert a mono audio file to stereo with Ffmpeg?,"ffmpeg -i input.wav -ac 2 output.wav
"
Can I extract just the left or right audio channel using Ffmpeg?,"ffmpeg -i input.mp3 -map_channel 0.0.0 output_left.wav
"
How do I convert a 5.1 surround audio to stereo in Ffmpeg?,ffmpeg -i input_surround.wav -ac 2 output_stereo.wav
How can I normalize audio in FFmpeg?,ffmpeg -i input.wav -filter:a loudnorm output.wav
How do I perform peak normalization on audio with Ffmpeg?,"ffmpeg -i input.mp3 -af ""volume=replaygain=track"" output.mp3
"
Can I normalize audio loudness to -23 LUFS using Ffmpeg?,"ffmpeg -i input.wav -af loudnorm=I=-23:TP=-2:LRA=11 output.wav
"
How do I analyze loudness without modifying audio in Ffmpeg?,"ffmpeg -i input.wav -af loudnorm=print_format=summary -f null -
"
How do I remove silence from an audio file using FFmpeg?,ffmpeg -i input.wav -af silenceremove=1:0:-50dB output.wav
How do I remove silence only at the beginning of an audio file with Ffmpeg?,"ffmpeg -i input.mp3 -af silenceremove=start_periods=1:start_duration=0.5:start_threshold=-40dB output.mp3
"
Can I remove silence from both start and end of an audio file using Ffmpeg?,"ffmpeg -i input.wav -af silenceremove=start_periods=1:start_duration=0.5:start_threshold=-40dB:stop_periods=1:stop_duration=0.5:stop_threshold=-40dB output.wav
"
How to detect and remove silence within an audio file (not just start/end) using Ffmpeg?,"ffmpeg -i input.wav -af silencedetect=n=-40dB:d=0.5 -f null -
"
How do I add a fade-in effect to an audio file using FFmpeg?,"ffmpeg -i input.mp3 -af ""afade=t=in:st=0:d=5"" output.mp3"
How do I add a fade-out effect to an audio file with Ffmpeg?,"ffmpeg -i input.wav -af ""afade=t=out:st=25:d=5"" output.wav
"
Can I add both fade-in and fade-out effects to audio using Ffmpeg?,"ffmpeg -i input.aac -af ""afade=t=in:ss=0:d=3,afade=t=out:st=27:d=3"" output.aac
"
How do I fade audio over the entire duration with Ffmpeg?,"ffmpeg -i input.mp3 -af ""afade=t=in:ss=0:d=3,afade=t=out:st=27:d=3"" output.mp3
"
How can I apply an echo effect to an audio file in FFmpeg?,"ffmpeg -i input.mp3 -af ""aecho=0.8:0.88:60:0.4"" output.mp3"
How do I create a longer echo effect in Ffmpeg?,"ffmpeg -i input.mp3 -af ""aecho=0.6:0.7:2000:0.5"" output.mp3
"
Can I add multiple echoes to audio with Ffmpeg?,"ffmpeg -i input.wav -af ""aecho=0.8:0.9:500|1000:0.4|0.3"" output.wav
"
How do I add a subtle echo effect to voice audio using Ffmpeg?,"ffmpeg -i voice.wav -af ""aecho=0.5:0.5:200:0.2"" output.wav
"
Can FFmpeg apply noise reduction to audio files?,ffmpeg -i noisy_input.wav -af afftdn output.wav
How do I apply stronger noise reduction with Ffmpeg?,"ffmpeg -i input.wav -af afftdn=nr=20 output.wav
"
Can I use FFmpeg to reduce hiss or background noise in recordings?,"ffmpeg -i recording.wav -af afftdn output.wav
"
How do I apply noise reduction to audio in FFmpeg using a noise profile?,"FFmpeg itself doesn’t support noise profiling like specialized tools (e.g., Audacity), but you can chain filters or use third-party plugins with FFmpeg for advanced noise profiling."
How do I compress audio using FFmpeg?,ffmpeg -i input.mp3 -b:a 128k output.mp3
How do I reduce the size of an audio file using Ffmpeg?,"ffmpeg -i input.flac -b:a 96k output.aac
"
Can I compress audio while keeping the same format in Ffmpeg?,"ffmpeg -i input.mp3 -b:a 64k output.mp3
"
How do I use variable bitrate (VBR) compression for audio in Ffmpeg?,"ffmpeg -i input.wav -codec:a libmp3lame -qscale:a 2 output.mp3
"
How do I equalize audio in FFmpeg?,"ffmpeg -i input.wav -af ""equalizer=f=1000:t=q:w=1:g=5"" output.wav"
How do I cut (reduce) bass frequencies using FFmpeg equalizer?,"ffmpeg -i input.mp3 -af ""equalizer=f=100:t=q:w=1:g=-8"" output.mp3
"
Can I boost treble frequencies with FFmpeg equalizer?,"ffmpeg -i input.wav -af ""equalizer=f=8000:t=q:w=1:g=6"" output.wav
"
How do I apply multiple equalizer filters to shape the audio?,"ffmpeg -i input.wav -af ""equalizer=f=100:t=q:w=1:g=-5,equalizer=f=3000:t=q:w=1:g=4"" output.wav
"
How can I stream a video to YouTube using FFmpeg?,"ffmpeg -re -i input.mp4 -c:v libx264 -b:v 2500k -c:a aac -ar 44100 -b:a 128k -f flv rtmp://a.rtmp.youtube.com/live2/your-stream-key

Replace your-stream-key with the key provided by YouTube."
How do I stream my desktop screen to YouTube with Ffmpeg?,"ffmpeg -f x11grab -s 1920x1080 -i :0.0 -c:v libx264 -preset veryfast -maxrate 3000k -bufsize 6000k -pix_fmt yuv420p -g 50 -c:a aac -b:a 160k -ar 44100 -f flv rtmp://a.rtmp.youtube.com/live2/your-stream-key
"
Can I stream webcam video to YouTube using Ffmpeg?,"ffmpeg -f v4l2 -i /dev/video0 -f alsa -i hw:0 -c:v libx264 -preset veryfast -maxrate 2500k -bufsize 5000k -pix_fmt yuv420p -g 50 -c:a aac -b:a 128k -ar 44100 -f flv rtmp://a.rtmp.youtube.com/live2/your-stream-key
"
How do I stream a playlist or live stream to YouTube with Ffmpeg?,"ffmpeg -re -i playlist.m3u8 -c:v libx264 -preset veryfast -c:a aac -f flv rtmp://a.rtmp.youtube.com/live2/your-stream-key
"
How do I capture live streams with FFmpeg?,ffmpeg -i http://example.com/stream.m3u8 -c copy output.ts
How do I record an RTMP live stream using Ffmpeg?,"ffmpeg -i rtmp://live.example.com/app/streamkey -c copy -t 3600 output.flv
"
Can FFmpeg record live streams and convert them to MP4 at the same time?,"ffmpeg -i https://example.com/live/stream.m3u8 -c:v libx264 -c:a aac output.mp4
"
How can I capture live streams and split output files every 10 minutes?,"ffmpeg -i https://example.com/live/stream.m3u8 -c copy -f segment -segment_time 600 -reset_timestamps 1 output%03d.ts
"
How do I create an HLS stream with FFmpeg?,ffmpeg -i input.mp4 -codec: copy -start_number 0 -hls_time 10 -hls_list_size 0 -f hls stream.m3u8
How do I create multiple bitrate HLS streams (adaptive streaming) with Ffmpeg?,"ffmpeg -i input.mp4 \
  -filter:v:0 scale=w=1920:h=1080 -b:v:0 5000k \
  -filter:v:1 scale=w=1280:h=720  -b:v:1 3000k \
  -filter:v:2 scale=w=854:h=480   -b:v:2 1500k \
  -map 0:v -map 0:a -map 0:v -map 0:a -map 0:v -map 0:a \
  -f hls \
  -hls_time 6 \
  -hls_list_size 0 \
  -master_pl_name master.m3u8 \
  -var_stream_map ""v:0,a:0 v:1,a:1 v:2,a:2"" \
  stream_%v.m3u8
"
How can I customize the segment filename pattern in FFmpeg HLS output?,"ffmpeg -i input.mp4 -codec: copy -hls_time 10 -hls_segment_filename 'segment_%03d.ts' -f hls playlist.m3u8
"
How do I set encryption for HLS streams with Ffmpeg?,"ffmpeg -i input.mp4 -hls_time 10 -hls_key_info_file key_info.txt -f hls output.m3u8
"
Can I stream using adaptive bitrate with FFmpeg?,"Yes, generate multiple bitrate versions and an HLS master playlist:

ffmpeg -i input.mp4 -vf scale=1280:720 -c:v libx264 -b:v 3000k -hls_segment_filename 720p_%03d.ts 720p.m3u8
ffmpeg -i input.mp4 -vf scale=854:480 -c:v libx264 -b:v 1500k -hls_segment_filename 480p_%03d.ts 480p.m3u8
# Combine in a master playlist manually"
How do I create adaptive bitrate DASH streams with Ffmpeg?,"ffmpeg -i input.mp4 \
  -map 0:v -map 0:a \
  -b:v:0 5000k -s:v:0 1920x1080 \
  -b:v:1 3000k -s:v:1 1280x720 \
  -b:v:2 1500k -s:v:2 854x480 \
  -f dash output.mpd
"
Can FFmpeg generate an HLS master playlist for adaptive bitrate streaming automatically?,"Yes, with -master_pl_name and -var_stream_map options, FFmpeg generates a master playlist referencing all renditions automatically, as shown in the first example."
How do I stream adaptive bitrate HLS live using Ffmpeg?,"ffmpeg -i input_live_source \
  -filter:v:0 scale=w=1920:h=1080 -b:v:0 5000k \
  -filter:v:1 scale=w=1280:h=720  -b:v:1 3000k \
  -filter:v:2 scale=w=854:h=480   -b:v:2 1500k \
  -map 0:v -map 0:a -map 0:v -map 0:a -map 0:v -map 0:a \
  -f hls \
  -hls_time 6 \
  -hls_list_size 6 \
  -master_pl_name master.m3u8 \
  -var_stream_map ""v:0,a:0 v:1,a:1 v:2,a:2"" \
  stream_%v.m3u8
"
How do I generate an HLS playlist with FFmpeg?,ffmpeg -i input.mp4 -hls_time 10 -hls_list_size 0 -f hls playlist.m3u8
How do I customize the segment duration when creating an HLS playlist in Ffmpeg?,"ffmpeg -i input.mp4 -codec: copy -hls_time 5 -hls_list_size 0 -f hls output.m3u8
"
How can I create an HLS playlist that doesn’t expire or remove old segments?,"ffmpeg -i input.mp4 -codec: copy -hls_time 10 -hls_list_size 0 -f hls output.m3u8
"
How do I specify a custom segment filename pattern when creating an HLS playlist?,"ffmpeg -i input.mp4 -codec: copy -hls_time 10 -hls_segment_filename 'segment_%03d.ts' -f hls playlist.m3u8
"
How do I create a DASH manifest in FFmpeg?,ffmpeg -i input.mp4 -c:v libx264 -f dash manifest.mpd
How do I create multi-bitrate DASH streams with Ffmpeg?,"ffmpeg -i input.mp4 \
  -map 0:v -map 0:a \
  -b:v:0 5000k -s:v:0 1920x1080 \
  -b:v:1 3000k -s:v:1 1280x720 \
  -b:v:2 1500k -s:v:2 854x480 \
  -f dash output.mpd
"
How do I customize segment duration in DASH output with Ffmpeg?,"ffmpeg -i input.mp4 -f dash -seg_duration 4 output.mpd
"
 Can FFmpeg generate DASH manifests with live streaming support?,"ffmpeg -i input_live_source -f dash -window_size 5 -extra_window_size 5 live.mpd
"
What streaming protocols does FFmpeg support?,"FFmpeg supports RTMP, HLS, DASH, RTP, UDP, HTTP, and more."
Can FFmpeg stream video over RTMP?,"ffmpeg -re -i input.mp4 -c:v libx264 -f flv rtmp://server/app/streamkey
"
Does FFmpeg support input from RTSP streams?,"ffmpeg -i rtsp://camera-ip/stream -c copy output.mp4
"
How do I use FFmpeg to create an SRT stream?,"Fmpeg supports sending and receiving via the SRT protocol:

    To send: ffmpeg -re -i input.mp4 -c copy -f mpegts srt://receiver_ip:port
, To receive: ffmpeg -i srt://sender_ip:port -c copy output.mp4
"
How do I broadcast in real-time using FFmpeg?,ffmpeg -f v4l2 -i /dev/video0 -f alsa -i hw:0 -c:v libx264 -preset ultrafast -f flv rtmp://your-server/live/stream
How do I stream a local video file live using Ffmpeg?,"ffmpeg -re -i video.mp4 -c:v libx264 -preset veryfast -f flv rtmp://server/app/streamkey
"
How can I broadcast live with audio and video from my webcam and microphone using Ffmpeg?,ffmpeg -f v4l2 -i /dev/video0 -f alsa -i hw:0 -c:v libx264 -c:a aac -f flv rtmp://server/app/streamkey
How do I broadcast live to YouTube with Ffmpeg?,"ffmpeg -re -i input.mp4 -c:v libx264 -preset veryfast -c:a aac -f flv rtmp://a.rtmp.youtube.com/live2/YOUR_STREAM_KEY
"
How do I convert an image sequence to a video using FFmpeg?,ffmpeg -framerate 30 -i image_%03d.png -c:v libx264 -r 30 output.mp4
How do I convert JPEG images into a video with Ffmpeg?,How do I convert JPEG images into a video with Ffmpeg?
 How can I set a specific duration per image when creating a video in Ffmpeg?,"If you want each image to last, say, 5 seconds: ffmpeg -loop 1 -t 5 -i image1.png -loop 1 -t 5 -i image2.png -filter_complex ""[0:v][1:v]concat=n=2:v=1:a=0"" -c:v libx264 output.mp4
"
How do I create a time-lapse video from a series of images using Ffmpeg?,"ffmpeg -framerate 60 -i img%04d.jpg -c:v libx264 -pix_fmt yuv420p timelapse.mp4
"
Can I extract frames from a video using FFmpeg?,ffmpeg -i input.mp4 frame_%03d.png
How do I extract a single frame at a specific time using Ffmpeg?,"ffmpeg -ss 00:00:10 -i input.mp4 -frames:v 1 frame.png
"
How can I extract one frame every 10 seconds from a video using Ffmpeg?,"ffmpeg -i input.mp4 -vf fps=1/10 frame_%03d.jpg
"
How do I extract keyframes from a video using Ffmpeg?,"ffmpeg -skip_frame nokey -i input.mp4 -vsync 0 -frame_pts true keyframe_%03d.jpg
"
How do I create a timelapse video with FFmpeg?,"ffmpeg -framerate 30 -pattern_type glob -i ""*.jpg"" -c:v libx264 timelapse.mp4"
How do I speed up a video using Ffmpeg?,"ffmpeg -i input.mp4 -filter:v ""setpts=0.5*PTS"" fast.mp4
"
How can I create a timelapse from webcam images using Ffmpeg?,"ffmpeg -framerate 30 -i cam_%04d.jpg -c:v libx264 -pix_fmt yuv420p webcam_timelapse.mp4
"
How do I convert a long video into a short summary with Ffmpeg?,"ffmpeg -i long.mp4 -filter_complex ""[0:v]setpts=0.25*PTS[v];[0:a]atempo=2.0,atempo=2.0[a]"" -map ""[v]"" -map ""[a]"" fast_summary.mp4
"
Can FFmpeg generate thumbnails from a video?,"ffmpeg -i input.mp4 -vf ""thumbnail,scale=320:240"" -frames:v 1 thumbnail.png"
How do I extract a thumbnail at the midpoint of a video with Ffmpeg?,How do I extract a thumbnail at the midpoint of a video with Ffmpeg?
How can I create a contact sheet of thumbnails using Ffmpeg?,"ffmpeg -i input.mp4 -vf ""thumbnail,scale=320:180,tile=4x4"" -frames:v 1 contact_sheet.jpg
"
 How do I generate one thumbnail per minute from a video using Ffmpeg?,"ffmpeg -i input.mp4 -vf fps=1/60 thumb_%03d.jpg
"
How can I convert between image formats using FFmpeg?,ffmpeg -i input.png output.jpg
How do I convert a sequence of PNG images to a GIF using Ffmpeg?,"ffmpeg -framerate 10 -i frame%03d.png -vf ""scale=320:-1"" output.gif
"
 How can I convert a BMP image to WebP format with Ffmpeg?,ffmpeg -i input.bmp output.webp
Can I convert a TIFF image sequence to a video using Ffmpeg?,"ffmpeg -framerate 24 -i image%04d.tiff -c:v libx264 -pix_fmt yuv420p output.mp4
"
Can FFmpeg process animated GIFs?,"Yes, for example:

ffmpeg -i input.gif output.mp4"
 How do I create an animated GIF from a video using Ffmpeg?,"ffmpeg -i input.mp4 -vf ""fps=10,scale=320:-1:flags=lanczos,palettegen"" palette.png
ffmpeg -i input.mp4 -i palette.png -filter_complex ""fps=10,scale=320:-1:flags=lanczos[x];[x][1:v]paletteuse"" output.gif
"
How can I trim an animated GIF using Ffmpeg?,"ffmpeg -ss 0 -t 5 -i input.gif -filter_complex ""fps=10,scale=320:-1:flags=lanczos"" trimmed.gif
"
 How do I resize an animated GIF in Ffmpeg?,"ffmpeg -i input.gif -vf ""scale=200:-1:flags=lanczos"" resized.gif
"
How do I handle various image codecs in FFmpeg?,"Use the -pix_fmt option to specify pixel formats:

ffmpeg -i input.tiff -pix_fmt rgb24 output.png"
How do I specify compression for WebP images in Ffmpeg?,"ffmpeg -i input.jpg -c:v libwebp -qscale 75 output.webp
"
Can I convert high-bit-depth images (like 16-bit PNGs) with Ffmpeg?,"ffmpeg -i input16bit.png -pix_fmt rgb48be output.tif
"
How do I encode images with alpha transparency in Ffmpeg?,"ffmpeg -i input.mov -vf ""format=yuva420p"" -c:v libwebp -lossless 1 output.webp
"
How can I read metadata from a video file using FFmpeg?,ffmpeg -i input.mp4
How do I extract just the duration of a video using Ffmpeg?,"ffprobe -v error -show_entries format=duration -of default=noprint_wrappers=1:nokey=1 input.mp4
"
How can I list all available metadata keys in a video file?,"ffprobe -v quiet -print_format json -show_format input.mp4
"
How do I export video metadata to a text file using Ffmpeg?,"ffprobe -v quiet -show_format -show_streams input.mp4 > metadata.txt
"
How do I write metadata to an audio or video file with FFmpeg?,"ffmpeg -i input.mp4 -metadata title=""My Video"" -metadata author=""Author Name"" output.mp4"
How can I add album and track metadata to an MP3 file?,"ffmpeg -i input.mp3 -metadata album=""Greatest Hits"" -metadata track=""3"" -codec:a copy output.mp3
"
How do I change the creation time metadata in a video file?,"ffmpeg -i input.mp4 -metadata creation_time=""2023-12-01T12:00:00Z"" -codec copy output.mp4
"
Can I copy metadata from one file to another using Ffmpeg?,"ffmpeg -i input.mp4 -i audio.mp3 -map 0:v -map 1:a -metadata title=""Combined Video"" output.mp4
"
Can I edit the tags of a video file using FFmpeg?,"Yes:

ffmpeg -i input.mp4 -metadata:s:v:0 title=""Video Title"" output.mp4"
How can I remove all metadata from a video file using Ffmpeg?,"ffmpeg -i input.mp4 -map_metadata -1 -codec copy output_no_metadata.mp4
"
How do I set a custom comment tag in a video using Ffmpeg?,"ffmpeg -i input.mp4 -metadata comment=""Final version for client"" -codec copy output.mp4
"
Can I update metadata for multiple files in a batch with Ffmpeg?,"for f in *.mp4; do
  ffmpeg -i ""$f"" -metadata title=""${f%.*}"" -codec copy ""tagged_$f""
done
"
How do I manage chapters in a video file using FFmpeg?,"Create a chapter file and add it:

ffmpeg -i input.mp4 -i chapters.txt -map_metadata 1 -codec copy output.mp4"
How can I list chapters in a video file with Ffmpeg?,"ffprobe -i input.mp4 -print_format json -show_chapters -loglevel error
"
How do I remove chapters from a video file?,"ffmpeg -i input.mp4 -map_metadata -1 -codec copy output_no_chapters.mp4
"
Can I edit existing chapters in a video file?,"Yes, extract chapters metadata with ffprobe, edit the metadata file, and remux:

    Extract metadata: ffprobe -i input.mp4 -print_format ffmetadata -show_chapters -loglevel error > chapters.txt
Edit chapters.txt as needed.

Remux with edited chapters:ffmpeg -i input.mp4 -i chapters.txt -map_metadata 1 -codec copy output_edited_chapters.mp4
"
How do I process subtitles with FFmpeg?,"Extract:

ffmpeg -i input.mkv -map 0:s:0 subtitles.srt

Add:

ffmpeg -i input.mp4 -i subtitles.srt -c copy -c:s mov_text output.mp4"
How do I extract subtitles from a video file using Ffmpeg?,"ffmpeg -i input.mkv -map 0:s:0 subs.srt
"
How can I add external subtitle files to a video without re-encoding?,"ffmpeg -i input.mp4 -i subtitles.srt -c copy -c:s mov_text output.mp4
"
How do I burn subtitles permanently into a video (hardcode subtitles) with Ffmpeg?,"ffmpeg -i input.mp4 -vf subtitles=subs.srt -c:a copy output_hardsub.mp4
"
How do I join multiple video files together using FFmpeg?,"If the files have the same codec, format, and resolution, you can concatenate them directly:

ffmpeg -f concat -safe 0 -i file_list.txt -c copy output.mp4

file_list.txt contains:

file 'file1.mp4'
file 'file2.mp4'"
How do I concatenate videos with different codecs or formats?,"ffmpeg -i video1.mp4 -i video2.avi -filter_complex ""[0:v:0][0:a:0][1:v:0][1:a:0]concat=n=2:v=1:a=1[outv][outa]"" -map ""[outv]"" -map ""[outa]"" output.mp4
"
Can I join videos and add a transition effect between them using Ffmpeg?,"Yes, but it requires complex filter graphs like xfade. Example for a simple fade transition: ffmpeg -i video1.mp4 -i video2.mp4 -filter_complex \
""[0:v][1:v]xfade=transition=fade:duration=1:offset=4[v]; \
 [0:a][1:a]acrossfade=d=1[a]"" \
-map ""[v]"" -map ""[a]"" output.mp4
"
How do I join video segments from an HLS stream into one file?,"Download TS segments then use concat: ffmpeg -i ""concat:segment1.ts|segment2.ts|segment3.ts"" -c copy output.mp4
, Or if you have a playlist: ffmpeg -protocol_whitelist file,http,https,tcp,tls,crypto -i playlist.m3u8 -c copy output.mp4
"
Can I split a video into smaller segments with FFmpeg?,"Use the -ss (start time) and -t (duration) options:

ffmpeg -i input.mp4 -ss 00:00:00 -t 00:01:00 -c copy output.mp4

For automatic splitting:

ffmpeg -i input.mp4 -c copy -map 0 -segment_time 60 -f segment output%03d.mp4"
How do I split a video at a specific time using Ffmpeg?,"ffmpeg -i input.mp4 -ss 00:01:00 -t 00:00:30 -c copy part.mp4
"
How can I split a video into equal parts of N frames?,"ffmpeg -i input.mp4 -vf ""select='between(n,0,299)',setpts=PTS-STARTPTS"" part1.mp4
ffmpeg -i input.mp4 -vf ""select='between(n,300,599)',setpts=PTS-STARTPTS"" part2.mp4
"
How do I split a video into segments and add an HLS playlist with Ffmpeg?,"ffmpeg -i input.mp4 -codec: copy -start_number 0 -hls_time 10 -hls_list_size 0 -f hls playlist.m3u8
"
How do I create a video loop using FFmpeg?,"Use the -stream_loop option:

ffmpeg -stream_loop 3 -i input.mp4 -c copy output.mp4

This loops the video 3 times."
How do I create an infinitely looping GIF from a video using Ffmpeg?,"ffmpeg -i input.mp4 -vf ""fps=10,scale=320:-1:flags=lanczos"" -loop 0 output.gif
"
How can I create a video with a repeated segment looped multiple times?,"ffmpeg -i input.mp4 -filter_complex ""[0:v]loop=loop=4:size=150:start=0,setpts=N/FRAME_RATE/TB[v]"" -map ""[v]"" -c:v libx264 output.mp4
"
How do I loop an audio track in a video using Ffmpeg?,"ffmpeg -i input.mp4 -filter_complex ""aloop=loop=3:size=2147483647"" -c:v copy output.mp4
"
How do I extract a specific portion of a video file using FFmpeg?,"Specify the start time (-ss) and duration (-t):

ffmpeg -i input.mp4 -ss 00:01:30 -t 00:00:20 -c copy output.mp4"
How do I extract a video segment between two timestamps using Ffmpeg?,"ffmpeg -ss 00:01:00 -to 00:02:00 -i input.mp4 -c copy output_segment.mp4
"
How can I extract a segment and re-encode it to a different format?,"ffmpeg -ss 00:00:30 -i input.mov -t 00:00:20 -c:v libx264 -c:a aac output.mp4
"
How do I extract only the audio portion from a specific segment of a video?,"ffmpeg -ss 00:00:10 -i input.mp4 -t 00:00:15 -q:a 0 -map a output_audio.mp3
"
How do I display media information using FFmpeg?," How do I display media information using FFmpeg?

    Use the ffprobe tool:

ffprobe -i input.mp4

For detailed information:

ffprobe -v error -show_format -show_streams input.mp4"
How do I quickly view the duration and codec info of a video with Ffmpeg?,"ffmpeg -i input.mp4
"
"How can I get media metadata like title, artist, and tags using Ffprobe?","ffprobe -v quiet -print_format json -show_format input.mp4
"
How do I display only the video stream information of a media file?,"ffprobe -select_streams v -show_streams input.mp4
"
Can I generate waveforms for an audio file with FFmpeg?,"Yes, by using the showwavespic filter:

ffmpeg -i input.mp3 -lavfi showwavespic=s=640x120 -frames:v 1 waveform.png"
How do I create a scrolling waveform video from an audio file using Ffmpeg?,"ffmpeg -i input.mp3 -filter_complex ""showwaves=s=640x120:mode=line"" output_waveform.mp4
"
Can I generate a waveform with color customization in Ffmpeg?,"ffmpeg -i input.wav -filter_complex ""showwavespic=s=800x200:colors=blue"" -frames:v 1 waveform_blue.png
"
How do I overlay a waveform on top of a video using Ffmpeg?,"ffmpeg -i input.mp4 -i input.mp3 -filter_complex ""[1:a]showwaves=s=1280x120:mode=line,format=rgba[wave];[0:v][wave]overlay=0:H-h"" -c:a copy output_with_waveform.mp4
"
How can I create video thumbnails with FFmpeg?,"Use the -ss option to extract a specific frame:

    ffmpeg -i input.mp4 -ss 00:00:05 -vframes 1 thumbnail.jpg
"
How do I generate multiple thumbnails evenly spaced throughout a video?,"ffmpeg -i input.mp4 -vf ""thumbnail,scale=320:180"" -frames:v 1 thumb.png
"
 How can I create a contact sheet (grid) of thumbnails from a video?,"ffmpeg -i input.mp4 -vf ""select=not(mod(n\,1000)),scale=160:90,tile=5x5"" -frames:v 1 contact_sheet.jpg
"
 How do I extract a thumbnail without re-encoding the entire video?,"ffmpeg -ss 00:00:30 -i input.mp4 -vframes 1 -c:v mjpeg thumbnail.jpg
"
How do I analyze stream properties in FFmpeg?,"Use ffprobe to examine streams:

ffprobe -v error -select_streams v:0 -show_entries stream=width,height,c"
How can I display only video stream properties of a media file?,"ffprobe -select_streams v -show_streams input.mp4
"
"How do I get audio stream details like sample rate, channels, and codec?","ffprobe -select_streams a -show_streams input.mp4
"
How can I extract stream duration and bitrate from a video file?,"ffprobe -show_format input.mp4
"
How can I process multiple input files simultaneously in FFmpeg?,"Provide multiple -i options and use complex filters:

ffmpeg -i input1.mp4 -i input2.mp4 -filter_complex ""[0:v:0][1:v:0]concat=n=2:v=1[out]"" -map ""[out]"" output.mp4"
How do I overlay one video on top of another using Ffmpeg?,"ffmpeg -i background.mp4 -i overlay.mp4 -filter_complex ""overlay=10:10"" output.mp4
"
Can I mix audio from multiple files into one using Ffmpeg?,"ffmpeg -i audio1.mp3 -i audio2.mp3 -filter_complex ""amix=inputs=2:duration=longest"" output.mp3
"
 How do I concatenate multiple audio or video files without re-encoding?,"First, create a text file (e.g., inputs.txt): file 'input1.mp4'
file 'input2.mp4'
file 'input3.mp4'
Then run: ffmpeg -f concat -safe 0 -i inputs.txt -c copy output.mp4
"
How do I create a custom filter graph in FFmpeg?,"Use the -filter_complex option:

ffmpeg -i input.mp4 -filter_complex ""[0:v]scale=1280:720,eq=contrast=1.5"
How do I chain multiple video filters in Ffmpeg?,"ffmpeg -i input.mp4 -vf ""crop=640:360:0:0,eq=contrast=1.5:saturation=1.2,transpose=1"" output.mp4
"
How can I apply separate filters to multiple inputs in a filter graph?,"ffmpeg -i input1.mp4 -i input2.mp4 -filter_complex ""[0:v]scale=640:360[v0]; [1:v]scale=640:360[v1]; [v0][v1]hstack=inputs=2[out]"" -map ""[out]"" output.mp4
"
 How do I create a video with picture-in-picture effect using FFmpeg filters?,"ffmpeg -i background.mp4 -i overlay.mp4 -filter_complex ""[1:v]scale=320:180[ovrl]; [0:v][ovrl]overlay=main_w-overlay_w-10:10[outv]"" -map ""[outv]"" -map 0:a? output.mp4
"
How do I integrate FFmpeg into a script?,"Use FFmpeg commands in a shell script:

#!/bin/bash
for file in *.mp4; do
    ffmpeg -i ""$file"" -vf scale=640:480 ""scaled_$file""
done"
How do I run FFmpeg commands from a Python script?,"import subprocess

input_file = 'input.mp4'
output_file = 'output.mp4'

subprocess.run(['ffmpeg', '-i', input_file, '-c:v', 'libx264', '-preset', 'fast', '-crf', '23', output_file])
"
How can I loop over multiple files and process them with FFmpeg in a Bash script?,"#!/bin/bash

for file in /path/to/videos/*.mp4; do
  output=""/path/to/output/$(basename ""$file"" .mp4)_converted.mp4""
  ffmpeg -i ""$file"" -c:v libx264 -preset fast -crf 23 ""$output""
done
"
How can I capture FFmpeg output (progress/errors) in a script?,"In Bash, redirect FFmpeg output to a log file: ffmpeg -i input.mp4 -c:v libx264 output.mp4 > ffmpeg.log 2>&1
In Python, capture output with subprocess: result = subprocess.run(['ffmpeg', '-i', 'input.mp4', 'output.mp4'], capture_output=True, text=True)
print(result.stdout)
print(result.stderr)
"
How can I create a custom FFmpeg pipeline?,"Combine multiple operations using pipes:

ffmpeg -i input.mp4 -vf scale=1280:720 -f rawvideo pipe:1 | ffmpeg "
"How do I build a pipeline to convert, filter, and stream video with Ffmpeg?","ffmpeg -i input.mp4 -vf ""scale=1280:720,format=yuv420p"" -c:v libx264 -preset veryfast -b:v 2500k -f flv rtmp://live.example.com/stream/key
"
"How can I create a pipeline to extract audio, normalize it, and save as MP3?","ffmpeg -i input.mp4 -vn -af ""loudnorm"" -c:a libmp3lame -b:a 192k output.mp3
"
How do I chain multiple complex filters in a pipeline and output multiple formats?,"ffmpeg -i input.mp4 -filter_complex ""[0:v]split=2[v1][v2]; [v1]scale=1280:720[out1]; [v2]crop=640:360:0:0[out2]"" \
-map ""[out1]"" -c:v libx264 output_720p.mp4 \
-map ""[out2]"" -c:v libx264 output_crop.mp4
"
How do I enable GPU encoding/decoding in FFmpeg?,"Use -hwaccel and GPU-specific encoders (e.g., h264_nvenc for NVIDIA):

ffmpeg -hwaccel cuda -i input.mp4 -c:v h264_nvenc output.mp4"
How do I use Intel Quick Sync Video for hardware encoding with Ffmpeg?,"ffmpeg -hwaccel qsv -i input.mp4 -c:v h264_qsv output.mp4
"
Can I use AMD GPU for hardware encoding in Ffmpeg?,"ffmpeg -hwaccel dxva2 -i input.mp4 -c:v h264_amf output.mp4
"
How do I check if my FFmpeg build supports GPU acceleration?,"ffmpeg -hwaccels
"
Can FFmpeg use multi-threading for faster processing?,"Use -threads to specify the number of threads:

ffmpeg -i input.mp4 -c:v libx264 -threads 4 output.mp4"
How do I set the number of threads for decoding in Ffmpeg?,"ffmpeg -threads 4 -i input.mp4 -c:v copy output.mp4
"
Can filtering operations in FFmpeg be multi-threaded?,"ffmpeg -filter_threads 4 -i input.mp4 -vf ""scale=1280:720"" output.mp4
"
Does FFmpeg automatically use all CPU cores?,"By default, FFmpeg tries to optimize thread usage based on codec and system. You can manually control with -threads to limit or increase threads.

Use -threads 0 to let FFmpeg auto-detect the number of threads."
How do I optimize FFmpeg for a specific hardware platform?,"Enable hardware-specific optimizations, like NVENC or VAAPI for Intel:

ffmpeg -hwaccel vaapi -i input.mp4 -c:v h264_vaapi output.mp4"
How do I compile FFmpeg optimized for ARM processors?,"./configure --arch=arm --cpu=cortex-a53 --enable-neon --enable-mmal --enable-v4l2-request
make -j4
"
What FFmpeg options help optimize encoding speed on a CPU?,"ffmpeg -i input.mp4 -c:v libx264 -preset fast -tune zerolatency -threads 8 output.mp4
"
How can I leverage Intel Quick Sync for faster encoding in Ffmpeg?,"ffmpeg -hwaccel qsv -i input.mp4 -c:v h264_qsv -preset fast output.mp4
"
What performance presets are available in FFmpeg?,"Use -preset with encoders like libx264:

ffmpeg -i input.mp4 -c:v libx264 -preset fast output.mp4"
 What does the -preset option do in FFmpeg encoding?,"The -preset option adjusts encoding speed vs. compression efficiency. Faster presets encode quicker but produce larger files; slower presets take longer but yield better compression.

Example with x264: -preset veryfast
"
Are there preset profiles for hardware encoders in Ffmpeg?,"Yes. Hardware encoders like h264_nvenc, hevc_nvenc, h264_qsv, etc., support presets such as p1 to p7 or descriptive names like default, slow, medium, fast.

Example for NVIDIA: -c:v h264_nvenc -preset p3
"
How do I choose a preset to optimize for low latency in Ffmpeg?,"-preset veryfast -tune zerolatency
"
How can I control memory usage in FFmpeg?,"Use the -max_muxing_queue_size option to handle memory for buffering:

ffmpeg -i input.mp4 -max_muxing_queue_size 1024 output.mp4

Adjust buffer limits with -bufsize for encoding:

ffmpeg -i input.mp4 -b:v 2M -bufsize 4M output.mp4"
How do I reduce CPU and memory usage in FFmpeg during encoding?,"Limit the number of threads with -threads, use faster presets (-preset ultrafast), and avoid complex filters. Example: ffmpeg -i input.mp4 -c:v libx264 -preset ultrafast -threads 1 output.mp4
"
Can I control buffer sizes in FFmpeg to optimize memory usage?,"Yes, -bufsize sets the rate control buffer size, affecting memory usage during encoding: ffmpeg -i input.mp4 -c:v libx264 -b:v 1M -bufsize 2M output.mp4
"
Are there options to limit input data probing memory in Ffmpeg?,-probesize 500000 -analyzeduration 1000000
How do I limit CPU utilization in FFmpeg?,"Use the -threads option to limit the number of threads:

ffmpeg -i input.mp4 -c:v libx264 -threads 2 output.mp4

Alternatively, restrict CPU usage at the system level using tools like nice:

nice -n 10 ffmpeg -i input.mp4 -c:v libx264 output.mp4"
How can I reduce CPU usage while encoding with Ffmpeg?,"Reduce the thread count with -threads, use faster encoding presets (-preset ultrafast), and avoid CPU-intensive filters. Example: ffmpeg -i input.mp4 -c:v libx264 -preset ultrafast -threads 1 output.mp4
"
Does FFmpeg support CPU affinity or limiting CPU usage percentage?,"Fmpeg itself does not have built-in CPU affinity or percentage limiting options. However, you can control CPU affinity or CPU usage externally using OS tools like taskset (Linux) or cpulimit.

Example with taskset: taskset -c 0,1 ffmpeg -i input.mp4 output.mp4
"
How do I balance CPU usage and encoding quality in Ffmpeg?,"Choose an encoding preset that balances speed and quality (-preset medium is default). Faster presets use less CPU but reduce compression efficiency. Adjust threads to control CPU load, e.g.: ffmpeg -i input.mp4 -c:v libx264 -preset fast -threads 4 output.mp4
"
How do I adjust buffer size settings in FFmpeg?,"Use the -bufsize option for encoder buffer size:

ffmpeg -i input.mp4 -c:v libx264 -b:v 2M -bufsize 4M output.mp4"
What does the -bufsize option do in FFmpeg encoding?,-bufsize sets the size of the rate control buffer (in bits or bytes) used by codecs like libx264. A larger buffer allows smoother bitrate variations but uses more memory. It is typically set relative to the target bitrate (-b:v).
How can I reduce memory usage by limiting input buffers in Ffmpeg?,"Reduce memory by lowering -probesize and -analyzeduration, which control how much data FFmpeg reads to detect streams. Example: ffmpeg -probesize 100000 -analyzeduration 500000 -i input.mp4 output.mp4
"
Can I adjust buffer size for audio encoding in Ffmpeg?,"Yes, some audio codecs support -bufsize. For example, when encoding AAC:ffmpeg -i input.wav -c:a aac -b:a 128k -bufsize 256k output.m4a
 "
How do I control threading in FFmpeg?,"The -threads option controls thread count:

ffmpeg -i input.mp4 -threads 4 output.mp4

For auto-detection, use -threads 0."
How do I record my desktop screen using FFmpeg?,"Use the x11grab (Linux), gdigrab (Windows), or avfoundation (macOS) device:

ffmpeg -f x11grab -i :0.0 -video_size 1920x1080 output.mp4"
How can I record a specific window on my desktop with Ffmpeg?,"On Windows with gdigrab, specify the window title with -i title=WindowName: ffmpeg -f gdigrab -framerate 30 -i title=""Calculator"" output.mp4
On Linux, you may use -i :0.0+X,Y to capture a screen area offset."
How do I record desktop audio along with screen video using Ffmpeg?,"Combine screen capture with audio capture devices. Example on Windows: ffmpeg -f gdigrab -framerate 30 -i desktop -f dshow -i audio=""Microphone (Realtek Audio)"" output.mp4
 On Linux, use -f pulse -i default for PulseAudio."
How can I limit the frame rate and resolution when recording the screen with Ffmpeg?,"ffmpeg -f x11grab -framerate 15 -video_size 1280x720 -i :0.0 output.mp4
"
How do I record a video with audio using Ffmpeg?,"Combine a screen capture with an audio source:

ffmpeg -f x11grab -i :0.0 -f alsa -i default -c:v libx264 -c:a aac output.mp4"
How can I record webcam video with microphone audio using Ffmpeg?,"ffmpeg -f dshow -i video=""Logitech Webcam"":audio=""Microphone (USB Audio Device)"" output.mp4
"
How do I capture screen video along with system audio using Ffmpeg?,"ffmpeg -f gdigrab -framerate 30 -i desktop -f dshow -i audio=""Stereo Mix (Realtek)"" output.mp4
"
How do I record high-quality video and audio with Ffmpeg?,"ffmpeg -f dshow -i video=""Camera"":audio=""Microphone"" -c:v libx264 -preset veryslow -crf 18 -c:a aac -b:a 192k output.mp4
"
Can I use FFmpeg to record from my webcam?,"Use the video4linux2 (Linux) or dshow (Windows) device:

ffmpeg -f v4l2 -i /dev/video0 output.mp4"
How do I record video and audio from my webcam and microphone with Ffmpeg?,"ffmpeg -f dshow -i video=""Integrated Camera"":audio=""Microphone (Realtek Audio)"" output.mp4
"
How do I set the resolution and frame rate when recording from my webcam in Ffmpeg?,"ffmpeg -f v4l2 -video_size 1280x720 -framerate 30 -i /dev/video0 output.mp4
"
Can I record from multiple webcams simultaneously using Ffmpeg?,"Yes, by specifying different devices as inputs: ffmpeg -f dshow -i video=""Camera1"" -f dshow -i video=""Camera2"" -filter_complex ""[0:v][1:v]hstack=inputs=2"" output.mp4
"
How do I benchmark FFmpeg encoding performance?,"Use the -benchmark flag:

ffmpeg -benchmark -i input.mp4 -c:v libx264 output.mp4"
How can I measure FFmpeg processing time for a specific command?,"ffmpeg -benchmark -i input.mp4 -c:v libx265 output.mp4
"
How do I get the encoding speed in frames per second using Ffmpeg?,"FFmpeg shows the speed (e.g., speed=2.34x) and fps=45 in its console output during processing. You don’t need extra flags—just watch the progress log."
Can I log FFmpeg benchmarking output to a file for analysis?,"ffmpeg -benchmark -i input.mp4 -c:v libx264 output.mp4 2> encode_benchmark.log
"
How can I monitor FFmpeg progress?,"By default, FFmpeg displays progress in the terminal. For detailed stats:

ffmpeg -i input.mp4 -c:v libx264 output.mp4 -progress progress.log"
How do I get FFmpeg to show progress in a GUI-friendly format?,"ffmpeg -i input.mp4 -c:v libx265 -progress - output.mp4
"
How can I log FFmpeg progress to a file in real time?,"ffmpeg -i input.mp4 -c:v libvpx -progress progress.log output.webm
"
Can I track FFmpeg progress from a Python script?,"Yes. You can run FFmpeg as a subprocess and read from its stderr or use -progress - and capture stdout: import subprocess

proc = subprocess.Popen(
    ['ffmpeg', '-i', 'input.mp4', '-progress', '-', 'output.mp4'],
    stdout=subprocess.PIPE, stderr=subprocess.STDOUT, text=True
)
for line in proc.stdout:
    print(line.strip())  # Parse key=value pairs here
"
How do I enable error logging in FFmpeg?,"Use the -loglevel option:

ffmpeg -i input.mp4 -loglevel error output.mp4"
 How can I log FFmpeg warnings and errors to a file?,"ffmpeg -loglevel warning -i input.mp4 output.mp4 2> ffmpeg.log
"
How do I get FFmpeg to show only critical issues during processing?,"ffmpeg -loglevel fatal -i input.mp4 output.mp4
"
Can I enable verbose logging in FFmpeg to debug a command?,"ffmpeg -loglevel debug -i input.mp4 output.mp4
"
How can I get debug information from FFmpeg?,"Set -loglevel to debug:

ffmpeg -i input.mp4 -loglevel debug output.mp4"
How do I increase FFmpeg's log verbosity to troubleshoot an issue?,"ffmpeg -loglevel verbose -i input.mp4 output.mp4
"
Is there a way to see FFmpeg's internal decoding and encoding steps?,"ffmpeg -loglevel debug -i input.mp4 -c:v libx264 output.mp4
"
How can I trace FFmpeg's filtergraph operations during processing?,"ffmpeg -loglevel debug -i input.mp4 -vf ""scale=1280:720"" output.mp4
"
How can I use FFmpeg in a command-line interface?,"FFmpeg operates entirely via the command line. Simply run:

ffmpeg -i input.mp4 -c:v libx264 output.mp4"
How do I run FFmpeg commands in Windows PowerShell?," First, ensure FFmpeg is installed and its bin directory is added to your system PATH. Then, open PowerShell and run commands like:ffmpeg -i input.mov output.mp4
"
What’s the basic syntax for an FFmpeg command?,ffmpeg [input options] -i input_file [output options] output_file
Can I use FFmpeg in a Linux terminal?, Yes. Open a terminal and run FFmpeg commands directly
How do I create scripts using FFmpeg?,"Example script for batch processing:

#!/bin/bash
for file in *.mp4; do
    ffmpeg -i ""$file"" -c:v libx264 ""compressed_$file""
done"
Can I batch process multiple videos using FFmpeg in a script?,"#!/bin/bash
for file in *.mp4; do
  ffmpeg -i ""$file"" -vf ""scale=1280:720"" ""converted_$file""
done
"
How do I add FFmpeg commands to a Python script?,"import subprocess
subprocess.run([""ffmpeg"", ""-i"", ""input.mp4"", ""-vf"", ""scale=640:360"", ""output.mp4""])
"
Is it possible to create a reusable FFmpeg template script?,"Yes, use variables or arguments. Example (Bash): #!/bin/bash
INPUT=$1
OUTPUT=$2
ffmpeg -i ""$INPUT"" -vf ""scale=1920:1080"" ""$OUTPUT""
Run it with:./convert.sh input.mov output.mp4
"
How can I integrate FFmpeg with other software pipelines?,"Use FFmpeg as part of a pipeline with pipes:

ffmpeg -i input.mp4 -f rawvideo pipe:1 | custom_app"
How do I use FFmpeg in a Python-based video processing pipeline?,"import ffmpeg
ffmpeg.input('input.mp4').output('output.avi', vcodec='libx264').run()Or use subprocess for full control:
import subprocess
subprocess.run(['ffmpeg', '-i', 'input.mp4', 'output.avi'])
"
Can I use FFmpeg inside a Docker container as part of a pipeline?,"Yes. You can build a Docker image that includes FFmpeg and define a pipeline in a Dockerfile or compose setup: FROM ubuntu
RUN apt update && apt install -y ffmpeg
COPY script.sh /script.sh
ENTRYPOINT [""bash"", ""/script.sh""]
"
How can I automate FFmpeg tasks in a CI/CD pipeline?,"- name: Install FFmpeg
  run: sudo apt-get install -y ffmpeg

- name: Transcode Video
  run: ffmpeg -i input.mov -c:v libx264 output.mp4
"
Can FFmpeg be used for batch processing?,"Yes, through shell scripts or batch files. Example:

for file in *.mp4; do
    ffmpeg -i ""$file"" -c:v libx264 ""output_${file%.mp4}.mkv""
done"
How do I convert all videos in a folder to MP4 using Ffmpeg?,"Linux/ macOS: for file in *.avi; do
  ffmpeg -i ""$file"" ""${file%.avi}.mp4""
done
, Windows (cmd): for %%f in (*.avi) do (
  ffmpeg -i ""%%f"" ""%%~nf.mp4""
)
"
Can I compress multiple videos at once with Ffmpeg?,"for file in *.mp4; do
  ffmpeg -i ""$file"" -vcodec libx264 -crf 28 ""compressed_${file}""
done
"
How do I extract audio from many video files using Ffmpeg?,"for file in *.mp4; do
  ffmpeg -i ""$file"" -q:a 0 -map a ""${file%.mp4}.mp3""
done
"
What video and audio codecs does FFmpeg support?,"Use:

ffmpeg -codecs

Example output: H.264, H.265, AAC, MP3, VP9, etc."
How do I check which codecs FFmpeg can encode on my system?,"ffmpeg -encoders
"
Does FFmpeg support the AV1 codec?,"Yes, if FFmpeg is compiled with libaom-av1 or other AV1 encoders like libsvtav1, you can encode and decode AV1:ffmpeg -i input.mp4 -c:v libaom-av1 output.mkv
"
Can FFmpeg decode proprietary codecs like H.264?,"Yes, FFmpeg supports decoding and encoding of popular proprietary codecs like H.264 via libx264 and built-in decoders."
How can FFmpeg handle proprietary formats?,"Install proprietary libraries (e.g., libfdk_aac, libx264). Configure FFmpeg during compilation:

./configure --enable-libx264 --enable-libfdk_aac"
Does FFmpeg support DRM-protected video files?,"No, FFmpeg cannot process DRM-protected content as it requires decryption keys not accessible to Ffmpeg."
Can FFmpeg convert QuickTime MOV files?,"Yes, FFmpeg supports MOV container and can decode/encode video and audio inside, including proprietary codecs like ProRes and AAC."
How do I enable high-quality AAC encoding in Ffmpeg?,"ffmpeg -i input.wav -c:a libfdk_aac -vbr 4 output.m4a
"
Does FFmpeg support experimental codecs?,"Yes, but you need to enable them explicitly:

ffmpeg -strict experimental -i input.mp4 -c:v hevc_videotoolbox outpu"
How do I enable experimental codecs in Ffmpeg?,Add -strict experimental to your command line to enable experimental codecs or features.
Is the native FFmpeg AAC encoder experimental?,"Yes, the native AAC encoder was historically marked experimental, but recent FFmpeg versions have stabilized it. For higher quality, consider libfdk_aac."
Can I use experimental video codecs like AV1 in Ffmpeg?," Some AV1 encoders (like libaom-av1) started as experimental but are increasingly stable. Use -strict experimental if necessary, and check your FFmpeg version."
